{
  "model_version": 7,
  "feature_names": [
    "active_requests",
    "arrival_qps_60s",
    "finished_qps_60s",
    "finished_count_60s",
    "window_mean_seqlen_60s",
    "window_p90_seqlen_60s",
    "window_mean_cachelen_60s",
    "window_p90_cachelen_60s",
    "window_mean_extend_tokens_60s",
    "window_p90_extend_tokens_60s",
    "window_mean_ttft_ms_60s",
    "window_p90_ttft_ms_60s"
  ],
  "feature_mean": [
    183.10614525139664,
    1.5622439478584722,
    1.5598230912476712,
    93.58938547486034,
    2716.3418014441913,
    3911.9656424581026,
    20.189657070954762,
    13.139664804469273,
    2696.1521443732368,
    3911.9656424581026,
    334.706254936085,
    481.28747671319684
  ],
  "feature_std": [
    103.3463554273346,
    0.4775205840708386,
    0.4832005851100079,
    28.992035106600532,
    58.25299432982039,
    66.95276053742414,
    50.7065325416312,
    112.16765953561526,
    96.09791769981483,
    66.95276053742414,
    52.360201681494246,
    84.62394780178228
  ],
  "weights": [
    301.2776261256672,
    0.6515541253624929,
    25.88775241154553,
    -10.07455657866576,
    -10.074556650944587,
    -10.786113550214752,
    0.9634972212582824,
    -51.63584660542788,
    14.763003585651303,
    20.70753845979578,
    0.9634972130363022,
    94.94232244653018,
    21.495894341659564
  ],
  "sample_count": 358,
  "last_retrain_time": 2376505.914101814,
  "aggregation_window_seconds": 60.0,
  "training_window_seconds": 900.0
}